{"displaycount":70,"msg":"success","totalcount":1070,"results":[{"LasthistoryUpdate":"2025-01-15 00:32:32","firstname":"Precious","Relationships":"[OHP Physician Office Staff]","LoginID":"PXWILL21_EXL","ExpirationDate":"2025-06-14 00:00:00","LastUpdate":"2025-01-13 14:59:30","DOB":"01-08-2000","Hybrid":"Yes","uniqueidentifier":"Z0160350","middlename":"","UserStatus":"1","lastname":"Williams"},{"LasthistoryUpdate":"2025-01-15 00:29:24","firstname":"Christina","Relationships":"[None],[Benefits Administrator],[OHP Broker]","LoginID":"CJBRYAN1_EXL","ExpirationDate":"2026-01-14 00:00:00","LastUpdate":"2025-01-14 14:40:03","DOB":"04-18-1982","Hybrid":"Yes","uniqueidentifier":"Z0161366","middlename":"","UserStatus":"1","lastname":"Bryant"},{"LasthistoryUpdate":"2025-01-15 08:09:55","firstname":"Kendra","Relationships":"[None],[Community Staff]","LoginID":"KTCARTE1","ExpirationDate":"2025-05-20 00:00:00","LastUpdate":"2025-01-14 12:24:31","DOB":"10-09-1980","Hybrid":"No","uniqueidentifier":"Z0161497","middlename":"T","UserStatus":"1","lastname":"Carter"},{"LasthistoryUpdate":"2025-01-15 22:15:23","firstname":"Satyanisth","Relationships":"[Credentialed Hospital Physician]","LoginID":"STAGRAWA","ExpirationDate":"","LastUpdate":"2025-01-15 22:15:23","DOB":"07-02-1981","Hybrid":"No","uniqueidentifier":"Z0162201","middlename":"T","UserStatus":"1","lastname":"Agrawal"},{"LasthistoryUpdate":"2025-01-16 00:31:18","firstname":"Caitlin","Relationships":"[Community Staff]","LoginID":"CXBREWST_EXL","ExpirationDate":"2025-08-06 00:00:00","LastUpdate":"2024-08-13 14:21:25","DOB":"03-06-1995","Hybrid":"Yes","uniqueidentifier":"Z0167136","middlename":"","UserStatus":"1","lastname":"Brewster"},{"LasthistoryUpdate":"2025-01-16 00:31:25","firstname":"Keiara","Relationships":"[Community Staff]","LoginID":"KXSILVE1_EXL","ExpirationDate":"2025-10-19 00:00:00","LastUpdate":"2024-10-19 12:35:59","DOB":"07-10-2000","Hybrid":"Yes","uniqueidentifier":"Z0167778","middlename":"","UserStatus":"1","lastname":"Silver"},{"LasthistoryUpdate":"2025-01-15 21:15:48","firstname":"Michele","Relationships":"[None]","LoginID":"MXJINADU","ExpirationDate":"2025-09-06 00:00:00","LastUpdate":"2025-01-15 21:01:40","DOB":"04-22-1967","Hybrid":"No","uniqueidentifier":"Z0169749","middlename":"","UserStatus":"1","lastname":"Jinadu"},{"LasthistoryUpdate":"2025-01-15 00:31:46","firstname":"Laura","Relationships":"[Community Physician],[Credentialed Hospital Physician]","LoginID":"LMFLUKE3_EXL","ExpirationDate":"2025-12-12 00:00:00","LastUpdate":"2025-01-14 10:15:06","DOB":"05-29-1985","Hybrid":"Yes","uniqueidentifier":"Z9001742","middlename":"M","UserStatus":"1","lastname":"Fluke"},{"LasthistoryUpdate":"2025-01-15 07:45:07","firstname":"Rebecca","Relationships":"[OHP Physician Office Staff],[Credentialed Hospital Physician]","LoginID":"RXGARRE1","ExpirationDate":"2025-12-31 00:00:00","LastUpdate":"2025-01-14 21:15:00","DOB":"07-22-1996","Hybrid":"No","uniqueidentifier":"Z9002408","middlename":"","UserStatus":"1","lastname":"Garrett"},{"LasthistoryUpdate":"2025-01-15 08:09:55","firstname":"Shaniqua","Relationships":"[Community Staff]","LoginID":"SXHAYNE7","ExpirationDate":"2026-01-14 00:00:00","LastUpdate":"2025-01-14 18:10:03","DOB":"09-27-1986","Hybrid":"No","uniqueidentifier":"Z9002562","middlename":"","UserStatus":"1","lastname":"Haynes"},{"LasthistoryUpdate":"2025-01-15 17:45:13","firstname":"Samantha","Relationships":"[Community Staff]","LoginID":"SXBAKE22","ExpirationDate":"2026-01-08 00:00:00","LastUpdate":"2025-01-15 17:40:03","DOB":"04-14-1988","Hybrid":"No","uniqueidentifier":"Z9002649","middlename":"","UserStatus":"1","lastname":"Baker"},{"LasthistoryUpdate":"2025-01-15 15:30:04","firstname":"Elizabeth","Relationships":"[Community Staff]","LoginID":"ECBEUPIE_EXL","ExpirationDate":"2026-01-09 00:00:00","LastUpdate":"2025-01-15 15:30:04","DOB":"08-17-1965","Hybrid":"No","uniqueidentifier":"Z9002680","middlename":"C","UserStatus":"0","lastname":"Beupierre"},{"LasthistoryUpdate":"2025-01-15 08:09:55","firstname":"Madison","Relationships":"[Community Staff]","LoginID":"MXSHERM1","ExpirationDate":"2026-01-14 00:00:00","LastUpdate":"2025-01-14 18:40:03","DOB":"08-13-2003","Hybrid":"No","uniqueidentifier":"Z9002694","middlename":"","UserStatus":"1","lastname":"Sherman"},{"LasthistoryUpdate":"2025-01-15 00:31:46","firstname":"Kip","Relationships":"[Credentialed Hospital Physician]","LoginID":"KXWINDEN_EXL","ExpirationDate":"2026-01-09 00:00:00","LastUpdate":"2025-01-14 10:15:07","DOB":"03-07-1984","Hybrid":"Yes","uniqueidentifier":"Z9002697","middlename":"J","UserStatus":"1","lastname":"Winden"},{"LasthistoryUpdate":"2025-01-15 17:30:22","firstname":"Erin","Relationships":"[Credentialed Hospital Physician],[Community Physician]","LoginID":"ECSNEAD","ExpirationDate":"2026-01-15 00:00:00","LastUpdate":"2025-01-15 17:00:46","DOB":"06-26-1990","Hybrid":"No","uniqueidentifier":"Z9002752","middlename":"C","UserStatus":"1","lastname":"Snead"},{"LasthistoryUpdate":"2025-01-15 18:00:24","firstname":"Amal","Relationships":"[Community Staff]","LoginID":"AXSHERI1","ExpirationDate":"2026-01-10 00:00:00","LastUpdate":"2025-01-15 18:00:06","DOB":"03-06-1999","Hybrid":"No","uniqueidentifier":"Z9002803","middlename":"","UserStatus":"1","lastname":"Sherif"},{"LasthistoryUpdate":"2025-01-15 08:09:55","firstname":"Zariah","Relationships":"[Community Staff]","LoginID":"ZXHILL","ExpirationDate":"2026-01-14 00:00:00","LastUpdate":"2025-01-14 15:20:03","DOB":"04-08-2002","Hybrid":"No","uniqueidentifier":"Z9002807","middlename":"","UserStatus":"1","lastname":"Hill"},{"LasthistoryUpdate":"2025-01-15 08:20:03","firstname":"Gracetta","Relationships":"[None]","LoginID":"GXBOGAR_EXL","ExpirationDate":"2025-01-15 00:00:00","LastUpdate":"2025-01-15 08:20:03","DOB":"11-05-1982","Hybrid":"No","uniqueidentifier":"Z9002835","middlename":"","UserStatus":"0","lastname":"Bogar"},{"LasthistoryUpdate":"2025-01-15 08:09:56","firstname":"Sharelle","Relationships":"[Community Staff]","LoginID":"SXTALIAF","ExpirationDate":"2026-01-14 00:00:00","LastUpdate":"2025-01-14 13:40:03","DOB":"09-26-1988","Hybrid":"No","uniqueidentifier":"Z9002849","middlename":"","UserStatus":"1","lastname":"Taliaferro"},{"LasthistoryUpdate":"2025-01-15 08:09:56","firstname":"Monica","Relationships":"[Research Monitor]","LoginID":"MRBROWN8","ExpirationDate":"2026-01-15 00:00:00","LastUpdate":"2025-01-15 03:40:04","DOB":"08-29-1972","Hybrid":"No","uniqueidentifier":"Z9002890","middlename":"R","UserStatus":"1","lastname":"Brown"},{"LasthistoryUpdate":"2025-01-15 12:45:08","firstname":"Jamie","Relationships":"[Community Staff]","LoginID":"JMWILMER","ExpirationDate":"2026-01-14 00:00:00","LastUpdate":"2025-01-15 12:40:03","DOB":"09-15-1977","Hybrid":"No","uniqueidentifier":"Z9002893","middlename":"M","UserStatus":"1","lastname":"Wilmer"},{"LasthistoryUpdate":"2025-01-15 21:30:09","firstname":"Stephen","Relationships":"[Community Physician]","LoginID":"SMCOLVI2","ExpirationDate":"2026-01-14 00:00:00","LastUpdate":"2025-01-15 21:30:03","DOB":"03-21-1985","Hybrid":"No","uniqueidentifier":"Z9002911","middlename":"M","UserStatus":"1","lastname":"Colvin"},{"LasthistoryUpdate":"2025-01-15 14:45:04","firstname":"Daniah","Relationships":"[None],[Community Staff]","LoginID":"DXPITNEY","ExpirationDate":"2026-01-15 00:00:00","LastUpdate":"2025-01-15 13:40:05","DOB":"02-27-2000","Hybrid":"No","uniqueidentifier":"Z9002912","middlename":"","UserStatus":"1","lastname":"Pitney"},{"LasthistoryUpdate":"2025-01-15 13:45:05","firstname":"Cieanna","Relationships":"[None],[Community Staff]","LoginID":"CLHOLLA6","ExpirationDate":"2026-01-15 00:00:00","LastUpdate":"2025-01-15 12:50:04","DOB":"03-04-2002","Hybrid":"No","uniqueidentifier":"Z9002913","middlename":"L","UserStatus":"1","lastname":"Holland"},{"LasthistoryUpdate":"2025-01-15 13:45:05","firstname":"Nicolle","Relationships":"[None],[Community Staff]","LoginID":"NELAINES","ExpirationDate":"2026-01-15 00:00:00","LastUpdate":"2025-01-15 13:10:10","DOB":"03-29-2002","Hybrid":"No","uniqueidentifier":"Z9002916","middlename":"E","UserStatus":"1","lastname":"Laines"},{"LasthistoryUpdate":"2025-01-15 12:30:23","firstname":"Lauren","Relationships":"[Community Connect Physician]","LoginID":"LXTAYL15","ExpirationDate":"2026-01-14 00:00:00","LastUpdate":"2025-01-15 12:20:03","DOB":"09-16-1990","Hybrid":"No","uniqueidentifier":"Z9002921","middlename":"","UserStatus":"1","lastname":"Taylor-Nguyen"},{"LasthistoryUpdate":"2025-01-15 17:45:13","firstname":"Glori","Relationships":"[Community Staff]","LoginID":"GXBEST1","ExpirationDate":"2026-01-14 00:00:00","LastUpdate":"2025-01-15 17:40:03","DOB":"12-09-1989","Hybrid":"No","uniqueidentifier":"Z9002923","middlename":"","UserStatus":"1","lastname":"Best"},{"LasthistoryUpdate":"2025-01-15 14:00:53","firstname":"Ashlynn","Relationships":"[Community Staff]","LoginID":"AXMUCKEL","ExpirationDate":"2026-01-14 00:00:00","LastUpdate":"2025-01-15 14:00:03","DOB":"12-28-2001","Hybrid":"No","uniqueidentifier":"Z9002925","middlename":"","UserStatus":"1","lastname":"Muckelroy"},{"LasthistoryUpdate":"2025-01-15 14:30:26","firstname":"Kathy","Relationships":"[Community Staff]","LoginID":"KJMORRI7","ExpirationDate":"2026-01-15 00:00:00","LastUpdate":"2025-01-15 14:20:03","DOB":"06-21-1958","Hybrid":"No","uniqueidentifier":"Z9002926","middlename":"J","UserStatus":"1","lastname":"Morris"},{"LasthistoryUpdate":"2025-01-15 13:15:37","firstname":"Karen","Relationships":"[Benefits Administrator]","LoginID":"KLALDANA","ExpirationDate":"2026-01-15 00:00:00","LastUpdate":"2025-01-15 13:10:04","DOB":"05-15-1975","Hybrid":"No","uniqueidentifier":"Z9002927","middlename":"L","UserStatus":"1","lastname":"Aldana"},{"LasthistoryUpdate":"2025-01-15 13:15:36","firstname":"Kathryn","Relationships":"[Benefits Administrator]","LoginID":"KMGRAHA2","ExpirationDate":"2026-01-15 00:00:00","LastUpdate":"2025-01-15 13:10:04","DOB":"08-26-1963","Hybrid":"No","uniqueidentifier":"Z9002928","middlename":"M","UserStatus":"1","lastname":"Graham"},{"LasthistoryUpdate":"2025-01-15 13:15:37","firstname":"Lisa","Relationships":"[Benefits Administrator]","LoginID":"LKROSS","ExpirationDate":"2026-01-15 00:00:00","LastUpdate":"2025-01-15 13:10:03","DOB":"01-08-1978","Hybrid":"No","uniqueidentifier":"Z9002929","middlename":"K","UserStatus":"1","lastname":"Ross"},{"LasthistoryUpdate":"2025-01-15 13:15:37","firstname":"Theresa","Relationships":"[Benefits Administrator]","LoginID":"TGDUNLEA","ExpirationDate":"2026-01-15 00:00:00","LastUpdate":"2025-01-15 13:10:05","DOB":"03-25-1974","Hybrid":"No","uniqueidentifier":"Z9002930","middlename":"G","UserStatus":"1","lastname":"Dunleavy"},{"LasthistoryUpdate":"2025-01-15 13:15:37","firstname":"Shelley","Relationships":"[Benefits Administrator]","LoginID":"SJLANGFO","ExpirationDate":"2026-01-15 00:00:00","LastUpdate":"2025-01-15 13:10:06","DOB":"06-11-1967","Hybrid":"No","uniqueidentifier":"Z9002931","middlename":"J","UserStatus":"1","lastname":"Langford"},{"LasthistoryUpdate":"2025-01-15 13:15:38","firstname":"Cheryl","Relationships":"[Benefits Administrator]","LoginID":"CLGREEND","ExpirationDate":"2026-01-15 00:00:00","LastUpdate":"2025-01-15 13:10:05","DOB":"04-27-1963","Hybrid":"No","uniqueidentifier":"Z9002932","middlename":"L","UserStatus":"1","lastname":"Greenday"},{"LasthistoryUpdate":"2025-01-15 13:15:36","firstname":"Ramandeep","Relationships":"[OHP Physician Office Staff]","LoginID":"RXSING11","ExpirationDate":"2026-01-15 00:00:00","LastUpdate":"2025-01-15 13:10:07","DOB":"09-04-1993","Hybrid":"No","uniqueidentifier":"Z9002933","middlename":"","UserStatus":"1","lastname":"Singh"},{"LasthistoryUpdate":"2025-01-15 13:15:36","firstname":"Jill","Relationships":"[OHP Physician Office Staff]","LoginID":"JXHORTO4","ExpirationDate":"2026-01-15 00:00:00","LastUpdate":"2025-01-15 13:10:06","DOB":"11-22-1983","Hybrid":"No","uniqueidentifier":"Z9002934","middlename":"","UserStatus":"1","lastname":"Horton"},{"LasthistoryUpdate":"2025-01-15 13:15:37","firstname":"Tricia","Relationships":"[OHP Physician Office Staff]","LoginID":"TXMART16","ExpirationDate":"2026-01-15 00:00:00","LastUpdate":"2025-01-15 13:10:07","DOB":"02-03-1971","Hybrid":"No","uniqueidentifier":"Z9002935","middlename":"","UserStatus":"1","lastname":"Martin"},{"LasthistoryUpdate":"2025-01-15 13:15:37","firstname":"Dahlia","Relationships":"[OHP Physician Office Staff]","LoginID":"DXBUSH1","ExpirationDate":"2026-01-15 00:00:00","LastUpdate":"2025-01-15 13:10:08","DOB":"01-04-1980","Hybrid":"No","uniqueidentifier":"Z9002936","middlename":"","UserStatus":"1","lastname":"Bush"},{"LasthistoryUpdate":"2025-01-15 13:15:36","firstname":"Ashley","Relationships":"[OHP Physician Office Staff]","LoginID":"AXHATCH1","ExpirationDate":"2026-01-15 00:00:00","LastUpdate":"2025-01-15 13:10:08","DOB":"06-09-1994","Hybrid":"No","uniqueidentifier":"Z9002937","middlename":"","UserStatus":"1","lastname":"Hatcher"},{"LasthistoryUpdate":"2025-01-15 13:15:38","firstname":"Yolanda","Relationships":"[OHP Physician Office Staff]","LoginID":"YMGARNER","ExpirationDate":"2026-01-15 00:00:00","LastUpdate":"2025-01-15 13:10:03","DOB":"12-09-1977","Hybrid":"No","uniqueidentifier":"Z9002938","middlename":"M","UserStatus":"1","lastname":"Garner"},{"LasthistoryUpdate":"2025-01-15 13:15:37","firstname":"Zoette","Relationships":"[OHP Physician Office Staff]","LoginID":"ZXPHILLI","ExpirationDate":"2026-01-15 00:00:00","LastUpdate":"2025-01-15 13:10:04","DOB":"04-12-1991","Hybrid":"No","uniqueidentifier":"Z9002939","middlename":"","UserStatus":"1","lastname":"Phillips"},{"LasthistoryUpdate":"2025-01-15 13:15:38","firstname":"Sherry","Relationships":"[OHP Physician Office Staff]","LoginID":"SAJACK11","ExpirationDate":"2026-01-15 00:00:00","LastUpdate":"2025-01-15 13:10:03","DOB":"10-20-1981","Hybrid":"No","uniqueidentifier":"Z9002940","middlename":"A","UserStatus":"1","lastname":"Jackson"},{"LasthistoryUpdate":"2025-01-15 13:21:29","firstname":"Ron","Relationships":"[OHP Physician Office Staff]","LoginID":"RXBANE","ExpirationDate":"2026-01-15 00:00:00","LastUpdate":"2025-01-15 13:10:05","DOB":"07-07-1939","Hybrid":"No","uniqueidentifier":"Z9002941","middlename":"","UserStatus":"1","lastname":"Bane"},{"LasthistoryUpdate":"2025-01-15 13:21:28","firstname":"Augusta","Relationships":"[OHP Physician Office Staff]","LoginID":"AMALTMAN","ExpirationDate":"2026-01-15 00:00:00","LastUpdate":"2025-01-15 13:10:06","DOB":"11-10-1993","Hybrid":"No","uniqueidentifier":"Z9002942","middlename":"M","UserStatus":"1","lastname":"Altman"},{"LasthistoryUpdate":"2025-01-15 13:21:29","firstname":"Maria","Relationships":"[OHP Physician Office Staff]","LoginID":"MXSTEW10","ExpirationDate":"2026-01-15 00:00:00","LastUpdate":"2025-01-15 13:10:05","DOB":"05-05-1996","Hybrid":"No","uniqueidentifier":"Z9002943","middlename":"","UserStatus":"1","lastname":"Stewart"},{"LasthistoryUpdate":"2025-01-15 13:21:29","firstname":"Christopher","Relationships":"[OHP Physician Office Staff]","LoginID":"CXFREEM9","ExpirationDate":"2026-01-15 00:00:00","LastUpdate":"2025-01-15 13:10:08","DOB":"10-14-1986","Hybrid":"No","uniqueidentifier":"Z9002944","middlename":"","UserStatus":"1","lastname":"Freeman"},{"LasthistoryUpdate":"2025-01-15 13:21:29","firstname":"Chelsea","Relationships":"[OHP Physician Office Staff]","LoginID":"CXHARDIN","ExpirationDate":"2026-01-15 00:00:00","LastUpdate":"2025-01-15 13:10:07","DOB":"02-19-1992","Hybrid":"No","uniqueidentifier":"Z9002945","middlename":"","UserStatus":"1","lastname":"Harding"},{"LasthistoryUpdate":"2025-01-15 13:21:29","firstname":"Tasha","Relationships":"[OHP Physician Office Staff]","LoginID":"TXCAMP18","ExpirationDate":"2026-01-15 00:00:00","LastUpdate":"2025-01-15 13:10:07","DOB":"10-12-1971","Hybrid":"No","uniqueidentifier":"Z9002946","middlename":"","UserStatus":"1","lastname":"Campbell"},{"LasthistoryUpdate":"2025-01-15 21:45:25","firstname":"Sarah","Relationships":"[Community Staff]","LoginID":"SXPEMBER","ExpirationDate":"2026-01-15 00:00:00","LastUpdate":"2025-01-15 21:40:03","DOB":"03-24-1988","Hybrid":"No","uniqueidentifier":"Z9002948","middlename":"","UserStatus":"1","lastname":"Pemberton"},{"LasthistoryUpdate":"2025-01-15 18:30:20","firstname":"Alejandra","Relationships":"[OHP Broker]","LoginID":"ANCORNIA","ExpirationDate":"2026-01-15 00:00:00","LastUpdate":"2025-01-15 18:20:03","DOB":"05-02-1972","Hybrid":"No","uniqueidentifier":"Z9002949","middlename":"N","UserStatus":"1","lastname":"Corniali"},{"LasthistoryUpdate":"2025-01-15 18:30:20","firstname":"Elizabeth","Relationships":"[OHP Broker]","LoginID":"EAHOMDOU","ExpirationDate":"2026-01-15 00:00:00","LastUpdate":"2025-01-15 18:30:04","DOB":"06-19-1991","Hybrid":"No","uniqueidentifier":"Z9002951","middlename":"A","UserStatus":"1","lastname":"Homdouangchay"},{"LasthistoryUpdate":"2025-01-15 18:30:20","firstname":"Kevin","Relationships":"[OHP Broker]","LoginID":"KMOBERWE","ExpirationDate":"2026-01-15 00:00:00","LastUpdate":"2025-01-15 18:30:05","DOB":"04-30-1996","Hybrid":"No","uniqueidentifier":"Z9002952","middlename":"M","UserStatus":"1","lastname":"Oberweiser"},{"LasthistoryUpdate":"2025-01-15 18:30:20","firstname":"Christine","Relationships":"[OHP Broker]","LoginID":"CLTRUGLI","ExpirationDate":"2026-01-15 00:00:00","LastUpdate":"2025-01-15 18:30:04","DOB":"10-24-1974","Hybrid":"No","uniqueidentifier":"Z9002953","middlename":"L","UserStatus":"1","lastname":"Truglia"},{"LasthistoryUpdate":"2025-01-15 18:32:30","firstname":"Lessie","Relationships":"[OHP Broker]","LoginID":"LXSMIT61","ExpirationDate":"2026-01-15 00:00:00","LastUpdate":"2025-01-15 18:30:05","DOB":"12-06-1960","Hybrid":"No","uniqueidentifier":"Z9002954","middlename":"","UserStatus":"1","lastname":"Smith"},{"LasthistoryUpdate":"2025-01-15 18:30:20","firstname":"Katherine","Relationships":"[OHP Broker]","LoginID":"KXRITTE1","ExpirationDate":"2026-01-15 00:00:00","LastUpdate":"2025-01-15 18:30:06","DOB":"12-19-1977","Hybrid":"No","uniqueidentifier":"Z9002955","middlename":"","UserStatus":"1","lastname":"Ritter"},{"LasthistoryUpdate":"2025-01-15 18:32:30","firstname":"Lynne","Relationships":"[OHP Broker]","LoginID":"LMBOYLE","ExpirationDate":"2026-01-15 00:00:00","LastUpdate":"2025-01-15 18:30:06","DOB":"10-17-1977","Hybrid":"No","uniqueidentifier":"Z9002956","middlename":"M","UserStatus":"1","lastname":"Boyle"},{"LasthistoryUpdate":"2025-01-15 18:32:30","firstname":"Pamela","Relationships":"[OHP Broker]","LoginID":"PKGREGG","ExpirationDate":"2026-01-15 00:00:00","LastUpdate":"2025-01-15 18:30:06","DOB":"11-01-1961","Hybrid":"No","uniqueidentifier":"Z9002957","middlename":"K","UserStatus":"1","lastname":"Gregg"},{"LasthistoryUpdate":"2025-01-15 18:32:30","firstname":"Giuseppi","Relationships":"[OHP Broker]","LoginID":"GCGENOES","ExpirationDate":"2026-01-15 00:00:00","LastUpdate":"2025-01-15 18:30:07","DOB":"07-04-1993","Hybrid":"No","uniqueidentifier":"Z9002958","middlename":"C","UserStatus":"1","lastname":"Genoese"},{"LasthistoryUpdate":"2025-01-15 18:32:30","firstname":"Idania","Relationships":"[OHP Broker]","LoginID":"IBMELEND","ExpirationDate":"2026-01-15 00:00:00","LastUpdate":"2025-01-15 18:30:07","DOB":"08-28-1981","Hybrid":"No","uniqueidentifier":"Z9002959","middlename":"B","UserStatus":"1","lastname":"Melendez Figueredo"},{"LasthistoryUpdate":"2025-01-15 18:32:30","firstname":"Aharon","Relationships":"[OHP Broker]","LoginID":"AXABADIB","ExpirationDate":"2026-01-15 00:00:00","LastUpdate":"2025-01-15 18:30:07","DOB":"07-09-1962","Hybrid":"No","uniqueidentifier":"Z9002960","middlename":"","UserStatus":"1","lastname":"Abadi Balid Safadyah"},{"LasthistoryUpdate":"2025-01-15 18:32:30","firstname":"Anthony","Relationships":"[OHP Broker]","LoginID":"AJSTETTE","ExpirationDate":"2026-01-15 00:00:00","LastUpdate":"2025-01-15 18:30:03","DOB":"04-16-1991","Hybrid":"No","uniqueidentifier":"Z9002961","middlename":"J","UserStatus":"1","lastname":"Stetter"},{"LasthistoryUpdate":"2025-01-15 18:32:30","firstname":"David","Relationships":"[OHP Broker]","LoginID":"DWMCPHER","ExpirationDate":"2026-01-15 00:00:00","LastUpdate":"2025-01-15 18:30:04","DOB":"05-26-1973","Hybrid":"No","uniqueidentifier":"Z9002962","middlename":"W","UserStatus":"1","lastname":"McPherson"},{"LasthistoryUpdate":"2025-01-15 18:32:31","firstname":"Christina","Relationships":"[OHP Broker]","LoginID":"CSROSE1","ExpirationDate":"2026-01-15 00:00:00","LastUpdate":"2025-01-15 18:30:05","DOB":"12-01-1986","Hybrid":"No","uniqueidentifier":"Z9002963","middlename":"S","UserStatus":"1","lastname":"Rose"},{"LasthistoryUpdate":"2025-01-15 18:32:30","firstname":"Kameron","Relationships":"[OHP Broker]","LoginID":"KLROLAC1","ExpirationDate":"2026-01-15 00:00:00","LastUpdate":"2025-01-15 18:30:05","DOB":"01-13-2005","Hybrid":"No","uniqueidentifier":"Z9002964","middlename":"L","UserStatus":"1","lastname":"Rolack"},{"LasthistoryUpdate":"2025-01-15 19:00:25","firstname":"Lisa","Relationships":"[Research Monitor]","LoginID":"LMSURITA","ExpirationDate":"2026-01-15 00:00:00","LastUpdate":"2025-01-15 19:00:05","DOB":"02-25-1970","Hybrid":"No","uniqueidentifier":"Z9002965","middlename":"M","UserStatus":"1","lastname":"Surita"},{"LasthistoryUpdate":"2025-01-15 19:16:14","firstname":"Shakira","Relationships":"[OHP Physician Office Staff]","LoginID":"SSWILLI8","ExpirationDate":"2026-01-15 00:00:00","LastUpdate":"2025-01-15 19:10:03","DOB":"05-03-1990","Hybrid":"No","uniqueidentifier":"Z9002966","middlename":"S","UserStatus":"1","lastname":"Williams"},{"LasthistoryUpdate":"2025-01-15 19:16:14","firstname":"Jamie","Relationships":"[OHP Physician Office Staff]","LoginID":"JXLOCKA1","ExpirationDate":"2026-01-15 00:00:00","LastUpdate":"2025-01-15 19:10:03","DOB":"02-09-1962","Hybrid":"No","uniqueidentifier":"Z9002967","middlename":"","UserStatus":"1","lastname":"Lockard"},{"LasthistoryUpdate":"2025-01-15 19:20:03","firstname":"Sandi","Relationships":"[OHP Physician Office Staff]","LoginID":"SXSMIT90","ExpirationDate":"2026-01-15 00:00:00","LastUpdate":"2025-01-15 19:20:04","DOB":"09-03-1978","Hybrid":"No","uniqueidentifier":"Z9002968","middlename":"","UserStatus":"1","lastname":"Smith"},{"LasthistoryUpdate":"2025-01-15 21:00:24","firstname":"Daniel","Relationships":"[Community Staff]","LoginID":"DXSHORTE","ExpirationDate":"2026-01-15 00:00:00","LastUpdate":"2025-01-15 21:00:03","DOB":"06-02-1997","Hybrid":"No","uniqueidentifier":"Z9002969","middlename":"","UserStatus":"1","lastname":"Shorter"}],"errorcode":"0"}