<?xml version="1.0" encoding="UTF-8"?>
<assembly xmlns="http://maven.apache.org/plugins/maven-assembly-plugin/assembly/1.1.0" xmlns:xsi="http://www.w3.org/2001/XMLSchema-instance"
  xsi:schemaLocation="http://maven.apache.org/plugins/maven-assembly-plugin/assembly/1.1.0 http://maven.apache.org/xsd/assembly-1.1.0.xsd">
  <!--  <id>Test-SuitePackage</id>-->
  <baseDirectory>/</baseDirectory>
  <formats>
  <format>zip</format>
</formats>
<fileSets>
  <fileSet>
  	<directory>Resources/</directory>
  	<outputDirectory>Resources</outputDirectory>
    <includes>
      <include>*.*</include>
    </includes>
  </fileSet>
   <fileSet>
    <includes>
      <include>ExecuteSaviyntAPI.bat</include>
      <include>ExecuteSaviyntAPI.sh</include>
      <include>EmailBody.txt</include>
      <include>UserCSV.csv</include>
    </includes>
  </fileSet>
  <fileSet>
   	<directory>lib/</directory>
   	<outputDirectory>lib</outputDirectory>
    <includes>
      <include>*.jar</include>
    </includes>
  </fileSet>
  <!-- 
  <fileSet>
    <directory>target/</directory>
    <outputDirectory>lib</outputDirectory>
    <includes>
      <include>*.jar</include>
    </includes>
    <lineEnding>dos</lineEnding>
  </fileSet>
   -->
</fileSets>
 <!-- use this section if you want to package dependencies -->
  
</assembly>