Security system,endpoints,entitlementtype,entitlement_value,owner,rank
Oracle ERP,Oracle ERP,Roles,BENEFITS_ADMINISTRATOR_VIEW_ALL_DATA,crsoucek,1
Oracle ERP,Oracle ERP,Roles,BENEFITS_SPECIALIST_VIEW_ALL_DATA,crsoucek,1
Oracle ERP,Oracle ERP,Roles,CASB_MANAGE_AUDIT_ROLE,crsoucek,1
Oracle ERP,Oracle ERP,Roles,COMPENSATION_ADMINISTRATOR_VIEW_ALL_DATA,crsoucek,1
Oracle ERP,Oracle ERP,Roles,HRML_EXECUTIVE_ASSISTANT_AOR_BY_DEPARTMENT_DATA,JEPeterson,1
Oracle ERP,Oracle ERP,Roles,HRML_ACCOUNTS_PAYABLE_ANALYST_JOB,DLVoth,1
Oracle ERP,Oracle ERP,Roles,HRML_ACCOUNTS_PAYABLE_INQUIRY_JOB,DLVoth,1
Oracle ERP,Oracle ERP,Roles,HRML_ACCOUNTS_RECEIVABLE_COLLECTIONS_ANALYST_JOB,EEHarris,1
Oracle ERP,Oracle ERP,Roles,HRML_ACCOUNTS_RECEIVABLE_INQUIRY_JOB,EEHarris,1
Oracle ERP,Oracle ERP,Roles,HRML_ALLOCATION_GENERATOR_JOB,JWHunerdosse,1
Oracle ERP,Oracle ERP,Roles,HRML_ALLOCATIONS_MANAGER_JOB,JWHunerdosse,1
Oracle ERP,Oracle ERP,Roles,HRML_AP_ACCOUNTS_PAYABLE_SUPERVISOR_JOB,DLVoth,1
Oracle ERP,Oracle ERP,Roles,HRML_AP_FORCE_APPROVER_JOB,DLVoth,1
Oracle ERP,Oracle ERP,Roles,HRML_AP_PAYMENTS_ANALYST_JOB,DLVoth,1
Oracle ERP,Oracle ERP,Roles,HRML_AP_PAYMENTS_SUPERVISOR_JOB,DLVoth,1
Oracle ERP,Oracle ERP,Roles,HRML_ASSET_ACCOUNTING_MANAGER_JOB,DLVoth,1
Oracle ERP,Oracle ERP,Roles,HRML_ASSET_ADMINISTRATOR_JOB,DLVoth,1
Oracle ERP,Oracle ERP,Roles,HRML_ASSET_ANALYST_JOB,DLVoth,1
Oracle ERP,Oracle ERP,Roles,HRML_ASSET_INQUIRY_JOB,DLVoth,1
Oracle ERP,Oracle ERP,Roles,HRML_BENEFITS_ANALYST_VIEW_ALL_DATA,JEPeterson,1
Oracle ERP,Oracle ERP,Roles,HRML_BENEFITS_LEAD_VIEW_ALL_DATA,JEPeterson,1
Oracle ERP,Oracle ERP,Roles,HRML_BENEFITS_SPECIALIST_RETIREMENT_VIEW_ALL_DATA,JEPeterson,1
Oracle ERP,Oracle ERP,Roles,HRML_BENEFITS_SPECIALIST_RETIREMENT_VIEW_ALL_DATA,JEPeterson,1
Oracle ERP,Oracle ERP,Roles,HRML_BENEFITS_SPECIALIST_VIEW_ALL_DATA,JEPeterson,1
Oracle ERP,Oracle ERP,Roles,HRML_BI_ADMINISTRATOR_ABSTRACT,crsoucek,1
Oracle ERP,Oracle ERP,Roles,HRML_BI_DEVELOPER_FIN_AND_SCM_JOB,APSchmitz,1
Oracle ERP,Oracle ERP,Roles,HRML_BI_DEVELOPER_HCM,APSchmitz,1
Oracle ERP,Oracle ERP,Roles,HRML_BI_DEVELOPER_HCM_DATA,APSchmitz,1
Oracle ERP,Oracle ERP,Roles,HRML_BI_PUBLISHER_DATA_MODEL_DEVELOPER_ABSTRACT,crsoucek,1
Oracle ERP,Oracle ERP,Roles,HRML_BICC_UCM_CONTENT_ADMIN,crsoucek,1
Oracle ERP,Oracle ERP,Roles,HRML_BILLING_ANALYST_JOB,EEHarris,1
Oracle ERP,Oracle ERP,Roles,HRML_BR_HR_COORDINATOR_VIEW_BRAZIL_EMPLOYEES_DATA,JEPeterson,1
Oracle ERP,Oracle ERP,Roles,HRML_BR_HR_REPORTING_SPECIALIST_VIEW_ALL_DATA,JEPeterson,1
Oracle ERP,Oracle ERP,Roles,HRML_BR_HR_VIEW_BRAZIL_EMPLOYEES_DATA,JEPeterson,1
Oracle ERP,Oracle ERP,Roles,HRML_CASH_MANAGEMENT_ADMINISTRATOR_JOB,EEHarris,1
Oracle ERP,Oracle ERP,Roles,HRML_CHINA_RECRUITER_JOB,JEPeterson,1
Oracle ERP,Oracle ERP,Roles,HRML_CN_COMP_AND_BEN_SPECIALIST_LE_AOR_DATA,JEPeterson,1
Oracle ERP,Oracle ERP,Roles,HRML_CN_COMP_AND_BEN_SPECIALIST_VIEW_ALL_CHINA_DATA,JEPeterson,1
Oracle ERP,Oracle ERP,Roles,HRML_CN_HR_DIRECTOR_VIEW_CHINA_EMPLOYEES_DATA,JEPeterson,1
Oracle ERP,Oracle ERP,Roles,HRML_CN_HR_REPORTING_SPECIALIST_VIEW_ALL_DATA,JEPeterson,1
Oracle ERP,Oracle ERP,Roles,HRML_CN_HRBP_LE_AOR_DATA,JEPeterson,1
Oracle ERP,Oracle ERP,Roles,HRML_CN_HRBP_VIEW_ALL_CHINA_DATA,JEPeterson,1
Oracle ERP,Oracle ERP,Roles,HRML_CN_RECRUITER_LE_AOR_DATA,JEPeterson,1
Oracle ERP,Oracle ERP,Roles,HRML_COLLECTIONS_MANAGER_JOB,EEHarris,1
Oracle ERP,Oracle ERP,Roles,HRML_COMPENSATION_ANALYST_JOB,JAMoriarty,1
Oracle ERP,Oracle ERP,Roles,HRML_COMPENSATION_APPROVER_ABSTRACT,JEPeterson,1
Oracle ERP,Oracle ERP,Roles,HRML_COMPENSATION_LEAD_VIEW_ALL_DATA,JEPeterson,1
Oracle ERP,Oracle ERP,Roles,HRML_COMPENSATION_MANAGER_JOB,JAMoriarty,1
Oracle ERP,Oracle ERP,Roles,HRML_COMPENSATION_MANAGER_VIEW_ALL_DATA,JAMoriarty,1
Oracle ERP,Oracle ERP,Roles,HRML_COMPENSATION_SPECIALIST_VIEW_ALL_DATA,JEPeterson,1
Oracle ERP,Oracle ERP,Roles,HRML_COST_ACCOUNTANT_JOB,PEBogle,1
Oracle ERP,Oracle ERP,Roles,HRML_COST_ACCOUNTANT_JOB,JDThompson,1
Oracle ERP,Oracle ERP,Roles,HRML_CREDIT_CONTROL_ANALYST_JOB,EEHarris,1
Oracle ERP,Oracle ERP,Roles,HRML_CREDIT_SUPERVISOR_JOB,EEHarris,1
Oracle ERP,Oracle ERP,Roles,HRML_CURRENCY_MANAGER_JOB,JWHunerdosse,1
Oracle ERP,Oracle ERP,Roles,HRML_CYCLE_COUNTING_MANAGER_JOB,PEBogle,1
Oracle ERP,Oracle ERP,Roles,HRML_CYCLE_COUNTING_MANAGER_JOB,JDThompson,1
Oracle ERP,Oracle ERP,Roles,HRML_DEMAND_PLANNER_MSC_DEMAND_PLANNER_JOB,AAMcNeely,1
Oracle ERP,Oracle ERP,Roles,HRML_DEMAND_PLANNER_SUPER_USER_MSC_DEMAND_PLANNER_JOB,AAMcNeely,1
Oracle ERP,Oracle ERP,Roles,HRML_EDI_IT_APPLICATIONS_JOB,MMKonold,1
Oracle ERP,Oracle ERP,Roles,HRML_EMPLOYEE_HEALTH_AND_SAFETY_MANAGER_JOB,JEPeterson,1
Oracle ERP,Oracle ERP,Roles,HRML_EMPLOYEE_HEALTH_AND_SAFETY_VIEW_ALL_DATA,JEPeterson,1
Oracle ERP,Oracle ERP,Roles,HRML_EMPLOYEE_RELATIONS_SPECIALIST_VIEW_ALL_DATA,JEPeterson,1
Oracle ERP,Oracle ERP,Roles,HRML_EMPLOYEE_SELF_SERVICE_DATA,JEPeterson,1
Oracle ERP,Oracle ERP,Roles,HRML_EMPLOYEE_SELF_SERVICE_JOB,JEPeterson,1
Oracle ERP,Oracle ERP,Roles,HRML_ENGINEERING_PROJECT_MANAGER_JOB,DLVoth,1
Oracle ERP,Oracle ERP,Roles,HRML_EXECUTIVE_ASSISTANT_JOB,JEPeterson,1
Oracle ERP,Oracle ERP,Roles,HRML_FINANCIAL_APPLICATION_ADMINISTRATOR_JOB,JWHunerdosse,1
Oracle ERP,Oracle ERP,Roles,HRML_FUNCTIONAL_LEADER_AOR_BY_FUNCTION_DATA,JEPeterson,1
Oracle ERP,Oracle ERP,Roles,HRML_FUNCTIONAL_LEADER_JOB,JEPeterson,1
Oracle ERP,Oracle ERP,Roles,HRML_FUNCTIONAL_LEADER_VIEW_ALL_DATA,JEPeterson,1
Oracle ERP,Oracle ERP,Roles,HRML_FUNCTIONAL_MANAGER_ABSTRACT,JEPeterson,1
Oracle ERP,Oracle ERP,Roles,HRML_GENERAL_ACCOUNTING_ANALYST_JOB,JWHunerdosse,1
Oracle ERP,Oracle ERP,Roles,HRML_GENERAL_ACCOUNTING_MANAGER_JOB,JWHunerdosse,1
Oracle ERP,Oracle ERP,Roles,HRML_GENERAL_LEDGER_INQUIRY_JOB,JWHunerdosse,1
Oracle ERP,Oracle ERP,Roles,HRML_HCM_ADMINISTRATOR_DATA,JEPeterson,1
Oracle ERP,Oracle ERP,Roles,HRML_HCM_APPLICATION_ADMIN_TRANSACTION_CONSOLE_MANAGER_DATA,JEPeterson,1
Oracle ERP,Oracle ERP,Roles,HRML_HCM_COE_ADMINISTRATION_ABSTRACT,JEPeterson,1
Oracle ERP,Oracle ERP,Roles,HRML_HIRING_MANAGER_ABSTRACT,JEPeterson,1
Oracle ERP,Oracle ERP,Roles,HRML_HR_BUSINESS_PARTNER_AOR_DATA,JEPeterson,1
Oracle ERP,Oracle ERP,Roles,HRML_HR_BUSINESS_PARTNER_VIEW_ALL_DATA,JEPeterson,1
Oracle ERP,Oracle ERP,Roles,HRML_HR_CLERK_OWN_LOCATION_DATA,JEPeterson,1
Oracle ERP,Oracle ERP,Roles,HRML_HR_CLERK_OWN_LOCATION_HOURLY_ONLY_DATA,JEPeterson,1
Oracle ERP,Oracle ERP,Roles,HRML_HR_COORDINATOR_OWN_LOCATION_DATA,JEPeterson,1
Oracle ERP,Oracle ERP,Roles,HRML_HR_COORDINATOR_OWN_LOCATION_HOURLY_ONLY_DATA,JEPeterson,1
Oracle ERP,Oracle ERP,Roles,HRML_HR_HELP_DESK_EMPLOYEE_JOB,JEPeterson,1
Oracle ERP,Oracle ERP,Roles,HRML_HR_HELP_DESK_TIER_1_GENERALIST_DATA,JEPeterson,1
Oracle ERP,Oracle ERP,Roles,HRML_HR_MANAGER_OWN_LOCATION_DATA,JEPeterson,1
Oracle ERP,Oracle ERP,Roles,HRML_HR_REPORTING_SPECIALIST_AOR_BY_JOB_FUNCTION_DATA,JEPeterson,1
Oracle ERP,Oracle ERP,Roles,HRML_HR_REPORTING_SPECIALIST_AOR_BY_LOCATION_DATA,JEPeterson,1
Oracle ERP,Oracle ERP,Roles,HRML_HR_REPORTING_SPECIALIST_BY_HR_REP_AOR_HOURLY_ONLY_DATA,JEPeterson,1
Oracle ERP,Oracle ERP,Roles,HRML_HR_REPORTING_SPECIALIST_JOB,JEPeterson,1
Oracle ERP,Oracle ERP,Roles,HRML_HR_REPORTING_SPECIALIST_VIEW_ALL_DATA,JEPeterson,1
Oracle ERP,Oracle ERP,Roles,HRML_HR_SOLUTIONS_CENTER_LEAD_VIEW_ALL_DATA,JEPeterson,1
Oracle ERP,Oracle ERP,Roles,HRML_HRIS_ANALYST_VIEW_ALL_DATA,JEPeterson,1
Oracle ERP,Oracle ERP,Roles,HRML_HRIS_SPECIALIST_VIEW_ALL_DATA,JEPeterson,1
Oracle ERP,Oracle ERP,Roles,HRML_HRIS_SUPERVISOR_VIEW_ALL_DATA,JEPeterson,1
Oracle ERP,Oracle ERP,Roles,HRML_HUMAN_RESOURCE_ANALYST_VIEW_ALL_2_DATA,crsoucek,1
Oracle ERP,Oracle ERP,Roles,HRML_HUMAN_RESOURCE_ANALYST_VIEW_ALL_DATA,crsoucek,1
Oracle ERP,Oracle ERP,Roles,HRML_HUMAN_RESOURCE_HELP_DESK_ADMINISTRATOR_JOB,JEPeterson,1
Oracle ERP,Oracle ERP,Roles,HRML_HUMAN_RESOURCE_HELP_DESK_AGENT_JOB,JEPeterson,1
Oracle ERP,Oracle ERP,Roles,HRML_HUMAN_RESOURCE_HELP_DESK_MANAGER_JOB,JEPeterson,1
Oracle ERP,Oracle ERP,Roles,HRML_INCENTIVE_COMPENSATION_MANAGER_JOB,DLVoth,1
Oracle ERP,Oracle ERP,Roles,HRML_INCENTIVE_COMPENSATION_PARTICIPANT_MANAGER_ABSTRACT,DLVoth,1
Oracle ERP,Oracle ERP,Roles,HRML_INCENTIVE_COMPENSATION_PARTICIPANT_SALES_ABSTRACT,DLVoth,1
Oracle ERP,Oracle ERP,Roles,HRML_INCENTIVE_COMPENSATION_PLAN_ADMINISTRATION_JOB,DLVoth,1
Oracle ERP,Oracle ERP,Roles,HRML_INTERCOMPANY_ACCOUNTANT_JOB,JWHunerdosse,1
Oracle ERP,Oracle ERP,Roles,HRML_INVENTORY_INQUIRY_JOB,PEBogle,1
Oracle ERP,Oracle ERP,Roles,HRML_INVENTORY_INQUIRY_JOB,JDThompson,1
Oracle ERP,Oracle ERP,Roles,HRML_INVENTORY_MANAGER_JOB,PEBogle,1
Oracle ERP,Oracle ERP,Roles,HRML_INVENTORY_MANAGER_JOB,JDThompson,1
Oracle ERP,Oracle ERP,Roles,HRML_KNOWLEDGE_ANALYST_JOB,JEPeterson,1
Oracle ERP,Oracle ERP,Roles,HRML_KNOWLEDGE_AUTHOR_HCM_JOB,JEPeterson,1
Oracle ERP,Oracle ERP,Roles,HRML_KNOWLEDGE_EXCLUDE_JOTS_JOB,JEPeterson,1
Oracle ERP,Oracle ERP,Roles,HRML_KNOWLEDGE_JOTS_ONLY_JOB,JEPeterson,1
Oracle ERP,Oracle ERP,Roles,HRML_KNOWLEDGE_MANAGER2_JOB,JEPeterson,1
Oracle ERP,Oracle ERP,Roles,HRML_KNOWLEDGE_SEARCH_HCM_JOB,JEPeterson,1
Oracle ERP,Oracle ERP,Roles,HRML_LEARNING_SPECIALIST_JOB,JEPeterson,1
Oracle ERP,Oracle ERP,Roles,HRML_LEARNING_SPECIALIST_VIEW_ALL_DATA,JEPeterson,1
Oracle ERP,Oracle ERP,Roles,HRML_LEAVE_ANALYST_VIEW_ALL_DATA,JEPeterson,1
Oracle ERP,Oracle ERP,Roles,HRML_LEAVE_SPECIALIST_VIEW_ALL_DATA,JEPeterson,1
Oracle ERP,Oracle ERP,Roles,HRML_MANAGER_SELF_SERVICE_DATA,JEPeterson,1
Oracle ERP,Oracle ERP,Roles,HRML_MANUFACTURING_ENGINEER_JOB,PEBogle,1
Oracle ERP,Oracle ERP,Roles,HRML_MANUFACTURING_ENGINEER_JOB,JDThompson,1
Oracle ERP,Oracle ERP,Roles,HRML_MARKETING_PLANNER_MSC_DEMAND_PLANNER_JOB,AAMcNeely,1
Oracle ERP,Oracle ERP,Roles,HRML_MASTER_DATA_MANAGEMENT_JOB,JABuerr,1
Oracle ERP,Oracle ERP,Roles,HRML_MATERIAL_STATUS_MANAGER_JOB,AAMcNeely,1
Oracle ERP,Oracle ERP,Roles,HRML_MOBILITY_ANALYST_VIEW_ALL_DATA,JEPeterson,1
Oracle ERP,Oracle ERP,Roles,HRML_NO_PROD_IDCS_ACCESS_JOB,crsoucek,1
Oracle ERP,Oracle ERP,Roles,HRML_NO_PROD_IDCS_ACCESS_JOB,crsoucek,1
Oracle ERP,Oracle ERP,Roles,HRML_ONBOARDING_ANALYST_ABSTRACT,JEPeterson,1
Oracle ERP,Oracle ERP,Roles,HRML_OPEN_CLOSE_PERIOD_ADMINISTRATOR_JOB,JWHunerdosse,1
Oracle ERP,Oracle ERP,Roles,HRML_ORDER_ENTRY_SPECIALIST_JOB,DCBryant,1
Oracle ERP,Oracle ERP,Roles,HRML_ORDER_MANAGER_JOB,DCBryant,1
Oracle ERP,Oracle ERP,Roles,HRML_ORDER_ORCHESTRATION_ERROR_RECOVERY_MANAGER_ABSTRACT,DCBryant,1
Oracle ERP,Oracle ERP,Roles,HRML_ORDER_PROMISING_MANAGER_JOB,DCBryant,1
Oracle ERP,Oracle ERP,Roles,HRML_PAYROLL_ANALYST_JOTS_DATA,JEPeterson,1
Oracle ERP,Oracle ERP,Roles,HRML_PAYROLL_ANALYST_VIEW_ALL_DATA,JEPeterson,1
Oracle ERP,Oracle ERP,Roles,HRML_PAYROLL_INTERFACE_COORDINATOR_VIEW_ALL_2_DATA,crsoucek,1
Oracle ERP,Oracle ERP,Roles,HRML_PAYROLL_INTERFACE_COORDINATOR_VIEW_ALL_DATA,crsoucek,1
Oracle ERP,Oracle ERP,Roles,HRML_PAYROLL_LEAD_VIEW_ALL_DATA,JEPeterson,1
Oracle ERP,Oracle ERP,Roles,HRML_PAYROLL_REPORTING_SPECIALIST_BY_HR_REP_AOR_DATA,JEPeterson,1
Oracle ERP,Oracle ERP,Roles,HRML_PAYROLL_REPORTING_SPECIALIST_VIEW_ALL_DATA,JEPeterson,1
Oracle ERP,Oracle ERP,Roles,HRML_PAYROLL_SPECIALIST_VIEW_ALL_DATA,JEPeterson,1
Oracle ERP,Oracle ERP,Roles,HRML_PAYSLIP_VIEW_AOR_LOCATION_DATA,JEPeterson,1
Oracle ERP,Oracle ERP,Roles,HRML_PLANT_COST_ACCOUNTANT_JOB,PEBogle,1
Oracle ERP,Oracle ERP,Roles,HRML_PLANT_COST_ACCOUNTANT_JOB,JDThompson,1
Oracle ERP,Oracle ERP,Roles,HRML_POF_ACCOUNTS_RECEIVABLE_ANALYST_JOB,EEHarris,1
Oracle ERP,Oracle ERP,Roles,HRML_POF_ACCOUNTS_RECEIVABLE_SUPERVISOR_JOB,EEHarris,1
Oracle ERP,Oracle ERP,Roles,HRML_POF_CASH_BANKING_ANALYST_JOB,EEHarris,1
Oracle ERP,Oracle ERP,Roles,HRML_PRICING_ADMINISTRATOR_JOB,EBSwanson,1
Oracle ERP,Oracle ERP,Roles,HRML_PRICING_MANAGER_JOB,EBSwanson,1
Oracle ERP,Oracle ERP,Roles,HRML_PRODUCT_DATA_2081_APLGT_MILLARD_LINEAGE_JOB,PEBogle,1
Oracle ERP,Oracle ERP,Roles,HRML_PRODUCT_DATA_2081_APLGT_MILLARD_LINEAGE_JOB,JDThompson,1
Oracle ERP,Oracle ERP,Roles,HRML_PRODUCT_DATA_2159_APLGT_PREMIUM_IOWA_PORK_JOB,PEBogle,1
Oracle ERP,Oracle ERP,Roles,HRML_PRODUCT_DATA_2159_APLGT_PREMIUM_IOWA_PORK_JOB,JDThompson,1
Oracle ERP,Oracle ERP,Roles,HRML_PRODUCT_DATA_2175_APLGT_FIELD_GATE_JOB,PEBogle,1
Oracle ERP,Oracle ERP,Roles,HRML_PRODUCT_DATA_2175_APLGT_FIELD_GATE_JOB,JDThompson,1
Oracle ERP,Oracle ERP,Roles,HRML_PRODUCT_DATA_2223_MMX_KANDU_JOB,PEBogle,1
Oracle ERP,Oracle ERP,Roles,HRML_PRODUCT_DATA_2223_MMX_KANDU_JOB,JDThompson,1
Oracle ERP,Oracle ERP,Roles,HRML_PRODUCT_DATA_2224_MMX_EBRO_FOODS_JOB,PEBogle,1
Oracle ERP,Oracle ERP,Roles,HRML_PRODUCT_DATA_2224_MMX_EBRO_FOODS_JOB,JDThompson,1
Oracle ERP,Oracle ERP,Roles,HRML_PRODUCT_DATA_2225_MMX_FIESTA_CANNING_JOB,PEBogle,1
Oracle ERP,Oracle ERP,Roles,HRML_PRODUCT_DATA_2225_MMX_FIESTA_CANNING_JOB,JDThompson,1
Oracle ERP,Oracle ERP,Roles,HRML_PRODUCT_DATA_2226_MMX_DON_MIGUEL_PLANT_WHSE_JOB,PEBogle,1
Oracle ERP,Oracle ERP,Roles,HRML_PRODUCT_DATA_2226_MMX_DON_MIGUEL_PLANT_WHSE_JOB,JDThompson,1
Oracle ERP,Oracle ERP,Roles,HRML_PRODUCT_DATA_2227_APLGT_VIRTUAL_DROP_SHIP_ORG_JOB,PEBogle,1
Oracle ERP,Oracle ERP,Roles,HRML_PRODUCT_DATA_2227_APLGT_VIRTUAL_DROP_SHIP_ORG_JOB,JDThompson,1
Oracle ERP,Oracle ERP,Roles,HRML_PRODUCT_DATA_2229_APLGT_SCOOTERS_NATURAL_MEATS_JOB,PEBogle,1
Oracle ERP,Oracle ERP,Roles,HRML_PRODUCT_DATA_2229_APLGT_SCOOTERS_NATURAL_MEATS_JOB,JDThompson,1
Oracle ERP,Oracle ERP,Roles,HRML_PRODUCT_DATA_2230_MMX_FRESHERIZED_JOB,PEBogle,1
Oracle ERP,Oracle ERP,Roles,HRML_PRODUCT_DATA_2230_MMX_FRESHERIZED_JOB,JDThompson,1
Oracle ERP,Oracle ERP,Roles,HRML_PRODUCT_DATA_2231_MMX_MILLARD_FORT_WORTH_JOB,PEBogle,1
Oracle ERP,Oracle ERP,Roles,HRML_PRODUCT_DATA_2231_MMX_MILLARD_FORT_WORTH_JOB,JDThompson,1
Oracle ERP,Oracle ERP,Roles,HRML_PRODUCT_DATA_3060_APLGT_CLOVERLEAF_NAPOLEON_JOB,PEBogle,1
Oracle ERP,Oracle ERP,Roles,HRML_PRODUCT_DATA_3060_APLGT_CLOVERLEAF_NAPOLEON_JOB,JDThompson,1
Oracle ERP,Oracle ERP,Roles,HRML_PRODUCT_DATA_3118_APLGT_FIELD_GATE_FRESH_JOB,PEBogle,1
Oracle ERP,Oracle ERP,Roles,HRML_PRODUCT_DATA_3118_APLGT_FIELD_GATE_FRESH_JOB,JDThompson,1
Oracle ERP,Oracle ERP,Roles,HRML_PRODUCT_DATA_3146_APLGT_VERSACOLD_JOB,PEBogle,1
Oracle ERP,Oracle ERP,Roles,HRML_PRODUCT_DATA_3146_APLGT_VERSACOLD_JOB,JDThompson,1
Oracle ERP,Oracle ERP,Roles,HRML_PRODUCT_DATA_3158_APLGT_LAKESIDE_JOB,PEBogle,1
Oracle ERP,Oracle ERP,Roles,HRML_PRODUCT_DATA_3158_APLGT_LAKESIDE_JOB,JDThompson,1
Oracle ERP,Oracle ERP,Roles,HRML_PRODUCT_DATA_3159_APLGT_US_COLD_JOB,PEBogle,1
Oracle ERP,Oracle ERP,Roles,HRML_PRODUCT_DATA_3159_APLGT_US_COLD_JOB,JDThompson,1
Oracle ERP,Oracle ERP,Roles,HRML_PRODUCT_DATA_3160_APLGT_DOT_JOB,PEBogle,1
Oracle ERP,Oracle ERP,Roles,HRML_PRODUCT_DATA_3160_APLGT_DOT_JOB,JDThompson,1
Oracle ERP,Oracle ERP,Roles,HRML_PRODUCT_DATA_3165_APLGT_NORAM_JOB,PEBogle,1
Oracle ERP,Oracle ERP,Roles,HRML_PRODUCT_DATA_3165_APLGT_NORAM_JOB,JDThompson,1
Oracle ERP,Oracle ERP,Roles,HRML_PRODUCT_DATA_3166_APLGT_CLOVERLEAF_SIOUX_CITY_JOB,PEBogle,1
Oracle ERP,Oracle ERP,Roles,HRML_PRODUCT_DATA_3166_APLGT_CLOVERLEAF_SIOUX_CITY_JOB,JDThompson,1
Oracle ERP,Oracle ERP,Roles,HRML_PRODUCT_DATA_3167_APLGT_INTERSTATE_JOB,PEBogle,1
Oracle ERP,Oracle ERP,Roles,HRML_PRODUCT_DATA_3167_APLGT_INTERSTATE_JOB,JDThompson,1
Oracle ERP,Oracle ERP,Roles,HRML_PRODUCT_DATA_3175_APLGT_UNIV_PURE_JOB,PEBogle,1
Oracle ERP,Oracle ERP,Roles,HRML_PRODUCT_DATA_3175_APLGT_UNIV_PURE_JOB,JDThompson,1
Oracle ERP,Oracle ERP,Roles,HRML_PRODUCT_DATA_3176_APLGT_LINEAGE_WOODBRIDGE_JOB,PEBogle,1
Oracle ERP,Oracle ERP,Roles,HRML_PRODUCT_DATA_3176_APLGT_LINEAGE_WOODBRIDGE_JOB,JDThompson,1
Oracle ERP,Oracle ERP,Roles,HRML_PRODUCT_DATA_3177_APLGT_LINEAGE_CHSPK_JOB,PEBogle,1
Oracle ERP,Oracle ERP,Roles,HRML_PRODUCT_DATA_3177_APLGT_LINEAGE_CHSPK_JOB,JDThompson,1
Oracle ERP,Oracle ERP,Roles,HRML_PRODUCT_DATA_3178_APLGT_QPI_OMAHA_JOB,PEBogle,1
Oracle ERP,Oracle ERP,Roles,HRML_PRODUCT_DATA_3178_APLGT_QPI_OMAHA_JOB,JDThompson,1
Oracle ERP,Oracle ERP,Roles,HRML_PRODUCT_DATA_3180_MMX_LSI_ELDRIDGE_JOB,PEBogle,1
Oracle ERP,Oracle ERP,Roles,HRML_PRODUCT_DATA_3180_MMX_LSI_ELDRIDGE_JOB,JDThompson,1
Oracle ERP,Oracle ERP,Roles,HRML_PRODUCT_DATA_3181_MMX_OSCEOLA_DC_JOB,PEBogle,1
Oracle ERP,Oracle ERP,Roles,HRML_PRODUCT_DATA_3181_MMX_OSCEOLA_DC_JOB,JDThompson,1
Oracle ERP,Oracle ERP,Roles,HRML_PRODUCT_DATA_3182_MMX_DAYTON_DC_JOB,PEBogle,1
Oracle ERP,Oracle ERP,Roles,HRML_PRODUCT_DATA_3182_MMX_DAYTON_DC_JOB,JDThompson,1
Oracle ERP,Oracle ERP,Roles,HRML_PRODUCT_DATA_3183_MMX_ODW_GROVEPORT_JOB,PEBogle,1
Oracle ERP,Oracle ERP,Roles,HRML_PRODUCT_DATA_3183_MMX_ODW_GROVEPORT_JOB,JDThompson,1
Oracle ERP,Oracle ERP,Roles,HRML_PRODUCT_DATA_3184_MMX_MURRAYS_WHSE_ROCK_ISLAND_JOB,PEBogle,1
Oracle ERP,Oracle ERP,Roles,HRML_PRODUCT_DATA_3184_MMX_MURRAYS_WHSE_ROCK_ISLAND_JOB,JDThompson,1
Oracle ERP,Oracle ERP,Roles,HRML_PRODUCT_DATA_3185_MMX_MURRAYS_ROCKINGHAM_JOB,PEBogle,1
Oracle ERP,Oracle ERP,Roles,HRML_PRODUCT_DATA_3185_MMX_MURRAYS_ROCKINGHAM_JOB,JDThompson,1
Oracle ERP,Oracle ERP,Roles,HRML_PRODUCT_DATA_3186_MMX_MURRAYS_WHSE_ROCK_ISLAND2_JOB,PEBogle,1
Oracle ERP,Oracle ERP,Roles,HRML_PRODUCT_DATA_3186_MMX_MURRAYS_WHSE_ROCK_ISLAND2_JOB,JDThompson,1
Oracle ERP,Oracle ERP,Roles,HRML_PRODUCT_DATA_3187_MMX_MURRAYS_TRANSFER_STORAGE_INC_JOB,PEBogle,1
Oracle ERP,Oracle ERP,Roles,HRML_PRODUCT_DATA_3187_MMX_MURRAYS_TRANSFER_STORAGE_INC_JOB,JDThompson,1
Oracle ERP,Oracle ERP,Roles,HRML_PRODUCT_DATA_3188_MMX_ALLEN_STOCKTON_JOB,PEBogle,1
Oracle ERP,Oracle ERP,Roles,HRML_PRODUCT_DATA_3188_MMX_ALLEN_STOCKTON_JOB,JDThompson,1
Oracle ERP,Oracle ERP,Roles,HRML_PRODUCT_DATA_3189_MMX_SHIPPERS_HUTCHINS_JOB,PEBogle,1
Oracle ERP,Oracle ERP,Roles,HRML_PRODUCT_DATA_3189_MMX_SHIPPERS_HUTCHINS_JOB,JDThompson,1
Oracle ERP,Oracle ERP,Roles,HRML_PRODUCT_DATA_3190_MMX_PRISM_WHSE_JOB,PEBogle,1
Oracle ERP,Oracle ERP,Roles,HRML_PRODUCT_DATA_3190_MMX_PRISM_WHSE_JOB,JDThompson,1
Oracle ERP,Oracle ERP,Roles,HRML_PRODUCT_DATA_3191_MMX_DON_MIGUEL_DC_JOB,PEBogle,1
Oracle ERP,Oracle ERP,Roles,HRML_PRODUCT_DATA_3191_MMX_DON_MIGUEL_DC_JOB,JDThompson,1
Oracle ERP,Oracle ERP,Roles,HRML_PRODUCT_DATA_3192_MMX_LONE_STAR_STORAGE_JOB,PEBogle,1
Oracle ERP,Oracle ERP,Roles,HRML_PRODUCT_DATA_3192_MMX_LONE_STAR_STORAGE_JOB,JDThompson,1
Oracle ERP,Oracle ERP,Roles,HRML_PRODUCT_DATA_3193_MMX_MURRAYS_WHSE_BELOIT_JOB,PEBogle,1
Oracle ERP,Oracle ERP,Roles,HRML_PRODUCT_DATA_3193_MMX_MURRAYS_WHSE_BELOIT_JOB,JDThompson,1
Oracle ERP,Oracle ERP,Roles,HRML_PRODUCT_DATA_3194_APLGT_UNIVERSALPURE_MALVERN_JOB,PEBogle,1
Oracle ERP,Oracle ERP,Roles,HRML_PRODUCT_DATA_3194_APLGT_UNIVERSALPURE_MALVERN_JOB,JDThompson,1
Oracle ERP,Oracle ERP,Roles,HRML_PRODUCT_DATA_3195_APLGT_LIBERTY_CODE_STORAGE_JOB,PEBogle,1
Oracle ERP,Oracle ERP,Roles,HRML_PRODUCT_DATA_3195_APLGT_LIBERTY_CODE_STORAGE_JOB,JDThompson,1
Oracle ERP,Oracle ERP,Roles,HRML_PRODUCT_DATA_3197_APLGT_LINEAGE_LOGISTICS_NETWORK_JOB,PEBogle,1
Oracle ERP,Oracle ERP,Roles,HRML_PRODUCT_DATA_3197_APLGT_LINEAGE_LOGISTICS_NETWORK_JOB,JDThompson,1
Oracle ERP,Oracle ERP,Roles,HRML_PRODUCT_DATA_INQUIRY_JOB,PEBogle,1
Oracle ERP,Oracle ERP,Roles,HRML_PRODUCT_DATA_INQUIRY_JOB,JDThompson,1
Oracle ERP,Oracle ERP,Roles,HRML_PRODUCT_DATA_STEWARD_JOB,PEBogle,1
Oracle ERP,Oracle ERP,Roles,HRML_PRODUCT_DATA_STEWARD_JOB,JDThompson,1
Oracle ERP,Oracle ERP,Roles,HRML_PRODUCTION_PROCESSOR_JOB,PEBogle,1
Oracle ERP,Oracle ERP,Roles,HRML_PRODUCTION_PROCESSOR_JOB,JDThompson,1
Oracle ERP,Oracle ERP,Roles,HRML_PRODUCTION_SCHEDULER_JOB,AAMcNeely,1
Oracle ERP,Oracle ERP,Roles,HRML_PROJECT_ACCOUNTANT_JOB,DLVoth,1
Oracle ERP,Oracle ERP,Roles,HRML_PROJECT_ADMINISTRATOR_JOB,DLVoth,1
Oracle ERP,Oracle ERP,Roles,HRML_PROJECT_INQUIRY_JOB,DLVoth,1
Oracle ERP,Oracle ERP,Roles,HRML_PROJECT_MANAGER_JOB,DLVoth,1
Oracle ERP,Oracle ERP,Roles,HRML_RECEIPT_ACCOUNTING_DISCRETIONARY,PEBogle,1
Oracle ERP,Oracle ERP,Roles,HRML_RECEIPT_ACCOUNTING_DISCRETIONARY,JDThompson,1
Oracle ERP,Oracle ERP,Roles,HRML_REPLENISHMENT_PLANNER_JOB,AAMcNeely,1
Oracle ERP,Oracle ERP,Roles,HRML_RESOURCE_ABSTRACT,JEPeterson,1
Oracle ERP,Oracle ERP,Roles,HRML_RESOURCE_MANAGER_JOB,JEPeterson,1
Oracle ERP,Oracle ERP,Roles,HRML_REVIEW_HCM_APPROVAL_TRANSACTIONS_BUSINESS_USER_DATA,JEPeterson,1
Oracle ERP,Oracle ERP,Roles,HRML_SALES_PLANNER_MSC_DEMAND_PLANNER_JOB,AAMcNeely,1
Oracle ERP,Oracle ERP,Roles,HRML_SALES_REPORTING_JOB,crsoucek,1
Oracle ERP,Oracle ERP,Roles,HRML_SAVIYNT_INTEGRATION_ACCESS_DATA,crsoucek,1
Oracle ERP,Oracle ERP,Roles,HRML_SAVIYNT_INTEGRATION_ACCESS_JOB,crsoucek,1
Oracle ERP,Oracle ERP,Roles,HRML_SCM_COE_ADMINISTRATION_JOB,DCBryant,1
Oracle ERP,Oracle ERP,Roles,HRML_SEPARATIONS_SPECIALIST_JOB,JEPeterson,1
Oracle ERP,Oracle ERP,Roles,HRML_SEPARATIONS_SPECIALIST_OWN_LOCATION_DATA,JEPeterson,1
Oracle ERP,Oracle ERP,Roles,HRML_SEPARATIONS_SPECIALIST_VIEW_ALL_DATA,JEPeterson,1
Oracle ERP,Oracle ERP,Roles,HRML_SHIPPING_MANAGER_JOB,DCBryant,1
Oracle ERP,Oracle ERP,Roles,HRML_SUBLEDGER_JOURNAL_ENTRY_ANALYST_JOB,JWHunerdosse,1
Oracle ERP,Oracle ERP,Roles,HRML_SUPPLY_CHAIN_COLLAB_PLNR_VCS_SUPPLY_CHAIN_COLLABORATION_PLANNER_JOB,AAMcNeely,1
Oracle ERP,Oracle ERP,Roles,HRML_SUPPLY_CHAIN_CONTROLLER_JOB,PEBogle,1
Oracle ERP,Oracle ERP,Roles,HRML_SUPPLY_CHAIN_CONTROLLER_JOB,JDThompson,1
Oracle ERP,Oracle ERP,Roles,HRML_SUPPLY_CHAIN_CONTROLLER_JOB,JDThompson,1
Oracle ERP,Oracle ERP,Roles,HRML_SUPPLY_CHAIN_COST_APPLICATION_ADMINISTRATOR,PEBogle,1
Oracle ERP,Oracle ERP,Roles,HRML_SUPPLY_CHAIN_COST_APPLICATION_ADMINISTRATOR,JDThompson,1
Oracle ERP,Oracle ERP,Roles,HRML_SUPPLY_CHAIN_PLANNER_APPLICATION_ADMIN_MSC_SUPPLY_CHAIN_PLANNER_JOB,AAMcNeely,1
Oracle ERP,Oracle ERP,Roles,HRML_SUPPLY_CHAIN_PLANNER_MSC_SUPPLY_CHAIN_PLANNER_JOB,AAMcNeely,1
Oracle ERP,Oracle ERP,Roles,HRML_SUPPLY_CHAIN_PLANNER_SCHEDULER_MSC_SUPPLY_CHAIN_PLANNER_JOB,AAMcNeely,1
Oracle ERP,Oracle ERP,Roles,HRML_SUPPLY_CHAIN_REPORTING_JOB,Tom Klein,1
Oracle ERP,Oracle ERP,Roles,HRML_SUPPLY_PLANNER_INQUIRY_JOB,AAMcNeely,1
Oracle ERP,Oracle ERP,Roles,HRML_TALENT_ACQUISITION_ANALYST_VIEW_ALL_DATA,JEPeterson,1
Oracle ERP,Oracle ERP,Roles,HRML_TALENT_ACQUISITION_LEAD_VIEW_ALL_DATA,JEPeterson,1
Oracle ERP,Oracle ERP,Roles,HRML_TALENT_ACQUISITION_SPECIALIST_JOB,JEPeterson,1
Oracle ERP,Oracle ERP,Roles,HRML_TALENT_ACQUISITION_SPECIALIST_VIEW_ALL_DATA,JEPeterson,1
Oracle ERP,Oracle ERP,Roles,HRML_TALENT_DEV_LEAD_BR_VIEW_ALL_DATA,JEPeterson,1
Oracle ERP,Oracle ERP,Roles,HRML_TALENT_DEV_LEAD_BR_VIEW_ALL_DATA,JEPeterson,1
Oracle ERP,Oracle ERP,Roles,HRML_TALENT_DEV_LEAD_CN_VIEW_ALL_DATA,JEPeterson,1
Oracle ERP,Oracle ERP,Roles,HRML_TALENT_DEV_LEAD_CN_VIEW_ALL_DATA,JEPeterson,1
Oracle ERP,Oracle ERP,Roles,HRML_TALENT_DEVELOPMENT_LEAD_JOB,JEPeterson,1
Oracle ERP,Oracle ERP,Roles,HRML_TALENT_DEVELOPMENT_LEAD_VIEW_ALL_DATA,JEPeterson,1
Oracle ERP,Oracle ERP,Roles,HRML_TALENT_MANAGEMENT_SPECIALIST_VIEW_ALL_DATA,JEPeterson,1
Oracle ERP,Oracle ERP,Roles,HRML_USER_ROLE_AND_DATA_CONTEXT_ADMINISTRATOR_JOB,crsoucek,1
Oracle ERP,Oracle ERP,Roles,HRML_WAREHOUSE_MANAGER_JOB,PEBogle,1
Oracle ERP,Oracle ERP,Roles,HRML_WAREHOUSE_MANAGER_JOB,JDThompson,1
Oracle ERP,Oracle ERP,Roles,HRML_WAREHOUSE_OPERATOR_JOB,PEBogle,1
Oracle ERP,Oracle ERP,Roles,HRML_WAREHOUSE_OPERATOR_JOB,JDThompson,1
Oracle ERP,Oracle ERP,Roles,HRML_WORK_DEFINITION_INQUIRY_JOB,PEBogle,1
Oracle ERP,Oracle ERP,Roles,HRML_WORK_DEFINITION_INQUIRY_JOB,JDThompson,1
Oracle ERP,Oracle ERP,Roles,HRML_WORKFORCE_ADMIN_ANALYST_VIEW_ALL_DATA,JEPeterson,1
Oracle ERP,Oracle ERP,Roles,HRML_WORKFORCE_ADMIN_LEAD_VIEW_ALL_DATA,JEPeterson,1
Oracle ERP,Oracle ERP,Roles,HRML_WORKFORCE_ADMIN_SPECIALIST_JOB,JEPeterson,1
Oracle ERP,Oracle ERP,Roles,HRML_WORKFORCE_ADMIN_SPECIALIST_VIEW_ALL_DATA,JEPeterson,1
Oracle ERP,Oracle ERP,Roles,HUMAN_RESOURCE_SPECIALIST_VIEW_ALL_DATA,JEPeterson,1
Oracle ERP,Oracle ERP,Roles,ORA_AP_ACCOUNTS_PAYABLE_INVOICE_SUPERVISOR_JOB,crsoucek,1
Oracle ERP,Oracle ERP,Roles,ORA_AP_ACCOUNTS_PAYABLE_MANAGER_JOB,crsoucek,1
Oracle ERP,Oracle ERP,Roles,ORA_AP_ACCOUNTS_PAYABLE_PAYMENT_SUPERVISOR_JOB,crsoucek,1
Oracle ERP,Oracle ERP,Roles,ORA_AP_ACCOUNTS_PAYABLE_SPECIALIST_JOB,crsoucek,1
Oracle ERP,Oracle ERP,Roles,ORA_AP_ACCOUNTS_PAYABLE_SUPERVISOR_JOB,crsoucek,1
Oracle ERP,Oracle ERP,Roles,ORA_AR_ACCOUNTS_RECEIVABLE_MANAGER_JOB,crsoucek,1
Oracle ERP,Oracle ERP,Roles,ORA_AR_ACCOUNTS_RECEIVABLE_SPECIALIST_JOB,crsoucek,1
Oracle ERP,Oracle ERP,Roles,ORA_AR_BILLING_MANAGER_JOB,crsoucek,1
Oracle ERP,Oracle ERP,Roles,ORA_AR_BILLING_SPECIALIST_JOB,crsoucek,1
Oracle ERP,Oracle ERP,Roles,ORA_ASM_APPLICATION_IMPLEMENTATION_ADMIN_ABSTRACT,crsoucek,1
Oracle ERP,Oracle ERP,Roles,ORA_ASM_APPLICATION_IMPLEMENTATION_CONSULTANT_JOB,crsoucek,1
Oracle ERP,Oracle ERP,Roles,ORA_ASM_APPLICATION_IMPLEMENTATION_MANAGER_JOB,crsoucek,1
Oracle ERP,Oracle ERP,Roles,ORA_BEN_BENEFITS_ADMINISTRATOR_JOB,crsoucek,1
Oracle ERP,Oracle ERP,Roles,ORA_BEN_BENEFITS_MANAGER_JOB,crsoucek,1
Oracle ERP,Oracle ERP,Roles,ORA_BEN_BENEFITS_SPECIALIST_JOB,crsoucek,1
Oracle ERP,Oracle ERP,Roles,ORA_CE_CASH_MANAGER_JOB,crsoucek,1
Oracle ERP,Oracle ERP,Roles,ORA_CMF_RECEIVING_SPECIALIST_JOB,crsoucek,1
Oracle ERP,Oracle ERP,Roles,ORA_CMP_COMPENSATION_ADMINISTRATOR_JOB,crsoucek,1
Oracle ERP,Oracle ERP,Roles,ORA_CN_INCENTIVE_COMPENSATION_ADMINISTRATOR_JOB,crsoucek,1
Oracle ERP,Oracle ERP,Roles,ORA_CRM_EXTN_ENTERPRISE_SCHEDULER_ROLE,crsoucek,1
Oracle ERP,Oracle ERP,Roles,ORA_CRM_EXTN_PRIVILEGE_SCRIPT_ROLE,crsoucek,1
Oracle ERP,Oracle ERP,Roles,ORA_CSE_ASSET_ADMINISTRATOR_JOB,crsoucek,1
Oracle ERP,Oracle ERP,Roles,ORA_CSO_KNOWLEDGE_ANALYST_JOB,crsoucek,1
Oracle ERP,Oracle ERP,Roles,ORA_CSO_KNOWLEDGE_AUTHOR_HCM_JOB,crsoucek,1
Oracle ERP,Oracle ERP,Roles,ORA_CSO_KNOWLEDGE_AUTHOR_SERVICE_JOB,crsoucek,1
Oracle ERP,Oracle ERP,Roles,ORA_CSO_KNOWLEDGE_MANAGER_JOB,crsoucek,1
Oracle ERP,Oracle ERP,Roles,ORA_CSO_KNOWLEDGE_SEARCH_HCM_JOB,crsoucek,1
Oracle ERP,Oracle ERP,Roles,ORA_CSO_KNOWLEDGE_SEARCH_SERVICE_JOB,crsoucek,1
Oracle ERP,Oracle ERP,Roles,ORA_CST_COST_ACCOUNTANT_JOB,crsoucek,1
Oracle ERP,Oracle ERP,Roles,ORA_DOO_ORDER_ADMINISTRATOR_JOB,crsoucek,1
Oracle ERP,Oracle ERP,Roles,ORA_DOO_ORDER_MANAGER_JOB,crsoucek,1
Oracle ERP,Oracle ERP,Roles,ORA_DOO_ORDER_ORCHESTRATION_ERROR_RECOVERY_MANAGER_ABSTRACT,crsoucek,1
Oracle ERP,Oracle ERP,Roles,ORA_EGI_PRODUCT_DATA_STEWARD_JOB,crsoucek,1
Oracle ERP,Oracle ERP,Roles,ORA_EGP_PRODUCT_MANAGER_JOB,crsoucek,1
Oracle ERP,Oracle ERP,Roles,ORA_ENQ_QUALITY_ENGINEER_JOB,crsoucek,1
Oracle ERP,Oracle ERP,Roles,ORA_FA_ASSET_ACCOUNTANT_JOB,crsoucek,1
Oracle ERP,Oracle ERP,Roles,ORA_FA_ASSET_ACCOUNTING_MANAGER_JOB,crsoucek,1
Oracle ERP,Oracle ERP,Roles,ORA_FND_APPLICATION_ADMINISTRATOR_JOB,crsoucek,1
Oracle ERP,Oracle ERP,Roles,ORA_FND_APPLICATION_DEVELOPER_JOB,crsoucek,1
Oracle ERP,Oracle ERP,Roles,ORA_FND_CASB_AUDIT_ACCESS_DISCRETIONARY_DISCRETIONARY,crsoucek,1
Oracle ERP,Oracle ERP,Roles,ORA_FND_DIAG_ADMINISTRATOR_JOB,crsoucek,1
Oracle ERP,Oracle ERP,Roles,ORA_FND_INTEGRATION_SPECIALIST_JOB,crsoucek,1
Oracle ERP,Oracle ERP,Roles,ORA_FND_IT_SECURITY_MANAGER_JOB,crsoucek,1
Oracle ERP,Oracle ERP,Roles,ORA_FOM_ORDER_ENTRY_SPECIALIST_JOB,crsoucek,1
Oracle ERP,Oracle ERP,Roles,ORA_FOS_SUPPLY_CHAIN_CONTROLLER_JOB,crsoucek,1
Oracle ERP,Oracle ERP,Roles,ORA_FUN_FIN_SCM_MFG_APPLICATION_ADMINISTRATOR_JOB,crsoucek,1
Oracle ERP,Oracle ERP,Roles,ORA_FUN_FINANCIAL_APPLICATION_ADMINISTRATOR_JOB,crsoucek,1
Oracle ERP,Oracle ERP,Roles,ORA_FUN_FINANCIAL_INTEGRATION_SPECIALIST_JOB,crsoucek,1
Oracle ERP,Oracle ERP,Roles,ORA_FUN_INTERCOMPANY_ACCOUNTANT_JOB,crsoucek,1
Oracle ERP,Oracle ERP,Roles,ORA_GL_GENERAL_ACCOUNTANT_JOB,crsoucek,1
Oracle ERP,Oracle ERP,Roles,ORA_GL_GENERAL_ACCOUNTING_MANAGER_JOB,crsoucek,1
Oracle ERP,Oracle ERP,Roles,ORA_HES_CASHIER_JOB,crsoucek,1
Oracle ERP,Oracle ERP,Roles,ORA_HNS_ENVIRONMENT_HEALTH_AND_SAFETY_MANAGER_JOB,crsoucek,1
Oracle ERP,Oracle ERP,Roles,ORA_HRC_HUMAN_CAPITAL_MANAGEMENT_APPLICATION_ADMINISTRATOR_JOB,crsoucek,1
Oracle ERP,Oracle ERP,Roles,ORA_HRC_HUMAN_CAPITAL_MANAGEMENT_INTEGRATION_SPECIALIST_JOB,crsoucek,1
Oracle ERP,Oracle ERP,Roles,ORA_HRY_PAYROLL_COORDINATOR_JOB,crsoucek,1
Oracle ERP,Oracle ERP,Roles,ORA_HZ_RESOURCE_ABSTRACT,crsoucek,1
Oracle ERP,Oracle ERP,Roles,ORA_IEX_COLLECTIONS_AGENT_JOB,crsoucek,1
Oracle ERP,Oracle ERP,Roles,ORA_IEX_COLLECTIONS_MANAGER_JOB,crsoucek,1
Oracle ERP,Oracle ERP,Roles,ORA_INV_INVENTORY_MANAGER_JOB,crsoucek,1
Oracle ERP,Oracle ERP,Roles,ORA_INV_WAREHOUSE_MANAGER_JOB,crsoucek,1
Oracle ERP,Oracle ERP,Roles,ORA_INV_WAREHOUSE_OPERATOR_JOB,crsoucek,1
Oracle ERP,Oracle ERP,Roles,ORA_IRC_HIRING_MANAGER_ABSTRACT,crsoucek,1
Oracle ERP,Oracle ERP,Roles,ORA_IRC_RECRUITER_JOB,crsoucek,1
Oracle ERP,Oracle ERP,Roles,ORA_MSC_DEMAND_AND_SUPPLY_PLANNER_JOB,crsoucek,1
Oracle ERP,Oracle ERP,Roles,ORA_MSC_DEMAND_PLANNER_JOB,crsoucek,1
Oracle ERP,Oracle ERP,Roles,ORA_MSC_ORDER_PROMISING_MANAGER_JOB,crsoucek,1
Oracle ERP,Oracle ERP,Roles,ORA_MSC_REPLENISHMENT_PLANNER_JOB,crsoucek,1
Oracle ERP,Oracle ERP,Roles,ORA_MSC_SALES_AND_OPERATIONS_PLANNER_JOB,crsoucek,1
Oracle ERP,Oracle ERP,Roles,ORA_MSC_SUPPLY_CHAIN_PLANNER_JOB,crsoucek,1
Oracle ERP,Oracle ERP,Roles,ORA_MSC_SUPPLY_CHAIN_PLANNING_APPLICATION_ADMINISTRATOR_JOB,crsoucek,1
Oracle ERP,Oracle ERP,Roles,ORA_OKC_CUSTOMER_CONTRACT_ADMINISTRATOR_JOB,crsoucek,1
Oracle ERP,Oracle ERP,Roles,ORA_OKC_CUSTOMER_CONTRACT_MANAGER_JOB,crsoucek,1
Oracle ERP,Oracle ERP,Roles,ORA_PAY_PAYROLL_ADMINISTRATOR_JOB,crsoucek,1
Oracle ERP,Oracle ERP,Roles,ORA_PAY_PAYROLL_MANAGER_JOB,crsoucek,1
Oracle ERP,Oracle ERP,Roles,ORA_PER_EMPLOYEE_ABSTRACT,crsoucek,1
Oracle ERP,Oracle ERP,Roles,ORA_PER_HUMAN_RESOURCE_ANALYST_JOB,crsoucek,1
Oracle ERP,Oracle ERP,Roles,ORA_PER_HUMAN_RESOURCE_MANAGER_JOB,crsoucek,1
Oracle ERP,Oracle ERP,Roles,ORA_PER_HUMAN_RESOURCE_SPECIALIST_JOB,crsoucek,1
Oracle ERP,Oracle ERP,Roles,ORA_PER_LINE_MANAGER_ABSTRACT,crsoucek,1
Oracle ERP,Oracle ERP,Roles,ORA_PER_RECRUITING_ADMINISTRATOR_JOB,crsoucek,1
Oracle ERP,Oracle ERP,Roles,ORA_PJF_PROJECT_ACCOUNTANT_JOB,crsoucek,1
Oracle ERP,Oracle ERP,Roles,ORA_PJF_PROJECT_ADMINISTRATOR_JOB,crsoucek,1
Oracle ERP,Oracle ERP,Roles,ORA_PJF_PROJECT_CREATOR_ABSTRACT,crsoucek,1
Oracle ERP,Oracle ERP,Roles,ORA_PJF_PROJECT_EXECUTION_ABSTRACT,crsoucek,1
Oracle ERP,Oracle ERP,Roles,ORA_PJF_PROJECT_MANAGER_JOB,crsoucek,1
Oracle ERP,Oracle ERP,Roles,ORA_PO_BUYER_JOB,crsoucek,1
Oracle ERP,Oracle ERP,Roles,ORA_PO_PROCUREMENT_APPLICATION_ADMIN_JOB,crsoucek,1
Oracle ERP,Oracle ERP,Roles,ORA_PO_PROCUREMENT_CONTRACT_ADMIN_JOB,crsoucek,1
Oracle ERP,Oracle ERP,Roles,ORA_PO_PROCUREMENT_INTEGRATION_SPECIALIST_JOB,crsoucek,1
Oracle ERP,Oracle ERP,Roles,ORA_PO_PROCUREMENT_MANAGER_JOB,crsoucek,1
Oracle ERP,Oracle ERP,Roles,ORA_PON_CATEGORY_MANAGER_JOB,crsoucek,1
Oracle ERP,Oracle ERP,Roles,ORA_POR_ADVANCED_PROCUREMENT_REQUESTER_ABSTRACT,crsoucek,1
Oracle ERP,Oracle ERP,Roles,ORA_POR_PROCUREMENT_CATALOG_ADMINISTRATOR_ABSTRACT,crsoucek,1
Oracle ERP,Oracle ERP,Roles,ORA_POR_PROCUREMENT_PREPARER_ABSTRACT,crsoucek,1
Oracle ERP,Oracle ERP,Roles,ORA_POR_PROCUREMENT_REQUESTER_ABSTRACT,crsoucek,1
Oracle ERP,Oracle ERP,Roles,ORA_POZ_SUPPLIER_ADMINISTRATOR_ABSTRACT,crsoucek,1
Oracle ERP,Oracle ERP,Roles,ORA_POZ_SUPPLIER_MANAGER_ABSTRACT,crsoucek,1
Oracle ERP,Oracle ERP,Roles,ORA_QP_PRICING_ADMINISTRATOR_JOB,crsoucek,1
Oracle ERP,Oracle ERP,Roles,ORA_QP_PRICING_ANALYST_JOB,crsoucek,1
Oracle ERP,Oracle ERP,Roles,ORA_QP_PRICING_MANAGER_JOB,crsoucek,1
Oracle ERP,Oracle ERP,Roles,ORA_RCS_SUPPLY_CHAIN_APPLICATION_ADMINISTRATOR_JOB,crsoucek,1
Oracle ERP,Oracle ERP,Roles,ORA_RCS_SUPPLY_CHAIN_INTEGRATION_SPECIALIST_JOB,crsoucek,1
Oracle ERP,Oracle ERP,Roles,ORA_RCV_RECEIVING_AGENT_JOB,crsoucek,1
Oracle ERP,Oracle ERP,Roles,ORA_SVC_HUMAN_RESOURCE_HELP_DESK_ADMINISTRATOR_JOB,crsoucek,1
Oracle ERP,Oracle ERP,Roles,ORA_SVC_HUMAN_RESOURCE_HELP_DESK_AGENT_JOB,crsoucek,1
Oracle ERP,Oracle ERP,Roles,ORA_SVC_HUMAN_RESOURCE_HELP_DESK_MANAGER_JOB,crsoucek,1
Oracle ERP,Oracle ERP,Roles,ORA_VCS_SUPPLY_CHAIN_COLLABORATION_PLANNER_JOB,crsoucek,1
Oracle ERP,Oracle ERP,Roles,ORA_WIE_PRODUCTION_OPERATOR_JOB,crsoucek,1
Oracle ERP,Oracle ERP,Roles,ORA_WIE_PRODUCTION_SUPERVISOR_JOB,crsoucek,1
Oracle ERP,Oracle ERP,Roles,ORA_WIS_MANUFACTURING_ENGINEER_JOB,crsoucek,1
Oracle ERP,Oracle ERP,Roles,ORA_WLF_LEARNING_SPECIALIST_JOB,crsoucek,1
Oracle ERP,Oracle ERP,Roles,ORA_WSH_SHIPPING_AGENT_JOB,crsoucek,1
Oracle ERP,Oracle ERP,Roles,ORA_WSH_SHIPPING_MANAGER_JOB,crsoucek,1
Oracle ERP,Oracle ERP,Roles,ORA_ZBS_SALES_ADMINISTRATOR_JOB,crsoucek,1
Oracle ERP,Oracle ERP,Roles,ORA_ZCH_TRADING_COMMUNITY_DATA_STEWARD_JOB,crsoucek,1
Oracle ERP,Oracle ERP,Roles,PAYROLL_ADMINISTRATOR_VIEW_ALL_DATA,crsoucek,1
Oracle ERP,Oracle ERP,Roles,PAYROLL_MANAGER_VIEW_ALL_DATA,crsoucek,1
Oracle ERP,Oracle ERP,Roles,RECRUITER_VIEW_ALL_DATA,crsoucek,1
Oracle ERP,Oracle ERP,Roles,RECRUITING_ADMINISTRATOR_VIEW_ALL_DATA,crsoucek,1
Oracle ERP,Oracle ERP,Roles,HRML_INCENTIVE_COMPENSATION_PARTICIPANT_BROKER_ABSTRACT,DLVoth,1
Oracle ERP,Oracle ERP,Roles,HRML_EMPLOYEE_HEALTH_AND_SAFETY_AOR_BY_LOCATION_DATA,JEPeterson,1
Oracle ERP,Oracle ERP,Roles,HRML_ESS_PROCESS_ADMINISTRATOR_ABSTRACT,JLTweeten,1
Oracle ERP,Oracle ERP,Roles,HRML_RECEIVING_AGENT_JOB,MJSWIGERD,1
Oracle ERP,Oracle ERP,Roles,HRML_BUYER_JOB,MJSWIGERD,1
Oracle ERP,Oracle ERP,Roles,HRML_CATEGORY_MANAGER_JOB,MJSWIGERD,1
Oracle ERP,Oracle ERP,Roles,HRML_CONTRACT_ADMINISTRATOR_JOB,MJSWIGERD,1
Oracle ERP,Oracle ERP,Roles,HRML_CONTRACT_MANAGER_JOB,MJSWIGERD,1
Oracle ERP,Oracle ERP,Roles,HRML_PO_INQUIRY_JOB,MJSWIGERD,1
Oracle ERP,Oracle ERP,Roles,HRML_PROCUREMENT_CATALOG_ADMINISTRATOR_JOB,MJSWIGERD,1
Oracle ERP,Oracle ERP,Roles,HRML_REQUISITIONER_JOB,MJSWIGERD,1
Oracle ERP,Oracle ERP,Roles,HRML_REQUISITIONS_INQUIRY_JOB,MJSWIGERD,1
Oracle ERP,Oracle ERP,Roles,HRML_SRM_ANALYST_JOB,MJSWIGERD,1
Oracle ERP,Oracle ERP,Roles,HRML_SRM_MANAGER_JOB,MJSWIGERD,1
Oracle ERP,Oracle ERP,Roles,HRML_SUPPLIER_ADMINISTRATOR_JOB,MJSWIGERD,1
